NOMBRE;CORREO;CELULAR
DANIEL VALENCIA;evalencia@gmail.com;1234566771
DANIEL VALENCIA;evalencia@gmail.com;1234566772
DANIEL VALENCIA;evalencia@gmail.com;1234566773
DANIEL VALENCIA;evalencia@gmail.com;1234566774
DANIEL VALENCIA;evalencia@gmail.com;1234566775
DANIEL VALENCIA;evalencia@gmail.com;1234566776
DANIEL VALENCIA;evalencia@gmail.com;1234566777
DANIEL VALENCIA;evalencia@gmail.com;1234566778
DANIEL VALENCIA;evalencia@gmail.com;1234566779
DANIEL VALENCIA;evalencia@gmail.com;12345667765
DANIEL VALENCIA;evalencia@gmail.com;123456677634
DANIEL VALENCIA;evalencia@gmail.com;12345667734

